feature,importance
is_https,0.5130936
num_slashes,0.45969418
consecutive_hyphens,0.009258488
num_dots,0.006531489
url_length,0.004383489
num_subdomains,0.0017919913
num_digits,0.0015541128
num_special_chars,0.0011086378
tld_length,0.00060459843
num_hyphens,0.00038875363
suspicious_keyword_count,0.00028049707
digit_ratio,0.00027546776
char_continuation_rate,0.0002609093
letter_ratio,0.00023039666
special_char_ratio,0.00019560634
num_letters,0.00014648159
entropy,0.00012648573
domain_length,7.4788535e-05
num_ampersands,0.0
num_at_symbols,0.0
num_percent_signs,0.0
query_length,0.0
path_length,0.0
num_underscores,0.0
num_question_marks,0.0
num_equal_signs,0.0
num_path_dirs,0.0
has_port,0.0
is_ip_domain,0.0
num_query_params,0.0
is_shortened,0.0
has_punycode,0.0
has_obfuscation,0.0
